1	65885569	rs1327118
1	74941293	rs649058
1	84722670	rs1402695
1	95633977	rs1414904
1	169676486	rs1131498
1	171794908	rs1079820
1	237048500	rs1805087
1	240492734	rs3795677
2	9796791	rs951629
2	49189921	rs6166
2	68166080	rs1032807
2	179871172	rs1961416
2	182543455	rs1801262
2	211060050	rs2286963
2	234601669	rs6759892
3	59736584	rs2077774
3	68434603	rs952768
3	80549257	rs1515002
3	117800545	rs1392265
3	160534225	rs718757
3	183818416	rs7627615
4	38776491	rs11096957
4	53219120	rs967344
4	60833758	rs349235
4	78270033	rs2216629
4	138313566	rs1426003
5	8828383	rs995553
5	16784873	rs890910
5	90151589	rs2247870
5	112364945	rs1363333
5	129194264	rs958388
6	47708431	rs965323
6	159425707	rs2016588
6	165557550	rs894240
7	24213356	rs156318
7	45932669	rs4619
7	90773196	rs803172
8	12957475	rs532841
8	23060256	rs6557634 (renamed to rs17620)
8	31445496	rs763553
8	75822851	rs1074553
8	77819857	rs1843026
8	130459412	rs1368136
9	26531692	rs754257
9	32516864	rs621277
9	78831415	rs952503
9	137828650	rs1105176
10	83757199	rs2207782
10	106022789	rs4925
10	106039185	rs156697
10	117612248	rs756497
11	17408630	rs5215
11	60878662	rs522073
11	122713810	rs2887851
12	998365	rs12828016
12	12161541	rs728189
12	54466095	rs725029
12	103772777	rs2374061
12	109937534	rs7298565
13	23732199	rs727081
13	47505170	rs1928045
13	63071787	rs310929
13	86230913	rs722952
13	110818598	rs3742207
14	34195326	rs1952161
14	54123959	rs210310
14	85125287	rs726957
14	97239216	rs2369898
15	52027777	rs2077743
15	79696701	rs1395936
15	86123988	rs4075254
15	86124555	rs4843075
16	9654056	rs1074042
17	3480447	rs8065080
17	28731415	rs719601
18	8080357	rs502843
18	21495483	rs1541836
18	23877175	rs1585676
18	60027241	rs1805034
19	8968549	rs1862456
19	20741589	rs1812642
19	31078219	rs1030687
19	41869392	rs2241714
19	51315824	rs171953
19	57739247	rs2361128
20	4312153	rs3904872
20	23347553	rs999072
20	39797465	rs753381
20	40884676	rs727336
20	52951047	rs1293153
21	19842577	rs978422
21	43718483	rs1541290
